INSERT INTO Instituicao(id,Nome,Email,Website,Distrito,Endereco,CC,Localidade) VALUES('1','Academia da Força Aérea','afa.gabcmd@emfa.pt','http://www.emfa.pt','Lisboa','Granja do Marquês','2715-021','Pêro Pinheiro');

INSERT INTO Instituicao(id,Nome,Email,Website,Distrito,Endereco,CC,Localidade) VALUES('2','Academia Militar',NULL,NULL,'Lisboa','Rua Gomes Freires','1169-203','Leiria');

INSERT INTO Instituicao(id,Nome,Email,Website,Distrito,Endereco,CC,Localidade) VALUES('3','Area de Pediatria Cirúrgica','cirurgicapediatrica@chlc.min-saude.pt','http://www.chlc.min-saude.pt','Lisboa','R.Jacinta Marto','1169-045','Lisboa');

INSERT INTO Instituicao(id,Nome,Email,Website,Distrito,Endereco,CC,Localidade) VALUES('4','Area de Pediatria Médica','servico1@hdestefania.min-saude.pt','http://www.hdestefania.min-saude.pt','Lisboa','R.Jacinta Marto','1169-045','Lisboa');

INSERT INTO Instituicao(id,Nome,Email,Website,Distrito,Endereco,CC,Localidade) VALUES('5','Centro de Álgebra','caul@cii.fc.ul.pt','http://caul.cii.fc.ul.pt','Lisboa','Av.Prof.Gama Pinto 2','1649-003','Lisboa');

INSERT INTO Instituicao(id,Nome,Email,Website,Distrito,Endereco,CC,Localidade) VALUES('6','Centro Algoritmi','secalgoritmi@dei.uminho.pt','http://www.algoritmi.uminho.pt','Braga','Campus de Azurém','4800-050','Guimaraes');

INSERT INTO Instituicao(id,Nome,Email,Website,Distrito,Endereco,CC,Localidade) VALUES('7','Centro de Ciência Animal e Veterinária - CECAV','arnaldos@utad.pt','http://www.utad.pt/pt/investigacao/cecav/index.html','Vila Real','Qta. dos Prados-Apartado 1013','5001-801','Vila Real');

INSERT INTO Instituicao(id,Nome,Email,Website,Distrito,Endereco,CC,Localidade) VALUES('8','Centro de Ciências da Terra',NULL,'http://www.dct.uminho.pt/cct','Braga','Campus de Gualtar','4710-057','Braga');

INSERT INTO Instituicao(id,Nome,Email,Website,Distrito,Endereco,CC,Localidade) VALUES('9','Centro de Investigação e de Tecnologias Agro Ambientais e Biológicas - CITAB','citab@utad.pt','http://www.citab.utad.pt','Vila Real','Apartado 1013','5001-801','Vila Real');

INSERT INTO Instituicao(id,Nome,Email,Website,Distrito,Endereco,CC,Localidade) VALUES('10','Escola Superior de Design',NULL,NULL,'Lisboa','Av. Dom Carlos I 4','1200-649','Lisboa');

INSERT INTO Instituicao(id,Nome,Email,Website,Distrito,Endereco,CC,Localidade) VALUES('11','Escola Superior de Desenvolvimento Social e Comunitário',NULL,NULL,'Porto','Avenida dos Descobrimentos 333','4400-103','Vila Nova de Gaia');

INSERT INTO Instituicao(id,Nome,Email,Website,Distrito,Endereco,CC,Localidade) VALUES('12','Escola Superior de Enfermagem de Coimbra',NULL,NULL,'Coimbra','Av. Bissaya Barreto','3000-000','Coimbra');

INSERT INTO Instituicao(id,Nome,Email,Website,Distrito,Endereco,CC,Localidade) VALUES('13','Escola Superior de Saúde','secretaria@essua.ua.pt','http://www.ua.pt/essua','Aveiro','Campus Universitário de Santiago','3810-193','Aveiro');

INSERT INTO Instituicao(id,Nome,Email,Website,Distrito,Endereco,CC,Localidade) VALUES('14','Lab:USE','info@labuse.org','http://www.labuse.org','Funchal','Campus da Penteada','9000-390','Madeira');

INSERT INTO Instituicao(id,Nome,Email,Website,Distrito,Endereco,CC,Localidade) VALUES('15','Serviço Social','geral@chpc.min-saude-pt','http://www.chpc.min-saude.pt','Coimbra','Apartado 1','3031-801','Coimbra');

INSERT INTO Instituicao(id,Nome,Email,Website,Distrito,Endereco,CC,Localidade) VALUES('16','Reitoria','gabreitor@unl.pt','http://www.unl.pt','Lisboa','Campus de Campolide','1099-085','Lisboa');

INSERT INTO Instituicao(id,Nome,Email,Website,Distrito,Endereco,CC,Localidade) VALUES('17','Requimte','isa@dq.fct.unl.pt','http://www.requimte.pt/','Setúbal','Qta. da Torre','2829-516','Caparica');

INSERT INTO Instituicao(id,Nome,Email,Website,Distrito,Endereco,CC,Localidade) VALUES('18','Museu de Évora','mevora@imc-ip.pt',NULL,'Évora','Lg. Conde Vila Flor','7000-804','Évora');

INSERT INTO Instituicao(id,Nome,Email,Website,Distrito,Endereco,CC,Localidade) VALUES('19','Serviço de Cardiologia',NULL,NULL,'Lisboa','Av. Prof. Egas Moniz','1649-035','Lisboa');

INSERT INTO Instituicao(id,Nome,Email,Website,Distrito,Endereco,CC,Localidade) VALUES('20','Serviço de Oncologia Médica',NULL,NULL,'Coimbra','Av. Bissaia Barreto','3001-651','Coimbra');

INSERT INTO Instituicao(id,Nome,Email,Website,Distrito,Endereco,CC,Localidade) VALUES('21','Escola de Serviço de Saúde Militar',NULL,NULL,'Lisboa','R. da Infantaria 16 n30','1269-091','Pêro Pinheiro');

INSERT INTO Instituicao(id,Nome,Email,Website,Distrito,Endereco,CC,Localidade) VALUES('22','Escola de Artes','artes@porto.ucp.pt','http://www.artes.ucp.pt','Porto','R. Diogo Botelho','4169-005','Porto');
INSERT INTO Telefone(Nome,Numero) VALUES('Academia da Força Aérea','219678951');

INSERT INTO Telefone(Nome,Numero) VALUES('Area de Pediatria Cirúrgica','213126898');

INSERT INTO Telefone(Nome,Numero) VALUES('Area de Pediatria Médica','213126600');

INSERT INTO Telefone(Nome,Numero) VALUES('Centro de Álgebra','217904739');

INSERT INTO Telefone(Nome,Numero) VALUES('Centro Algoritmi','253510180');

INSERT INTO Telefone(Nome,Numero) VALUES('Centro de Ciência Animal e Veterinária - CECAV','259350408');

INSERT INTO Telefone(Nome,Numero) VALUES('Centro de Ciência Animal e Veterinária - CECAV','259350409');

INSERT INTO Telefone(Nome,Numero) VALUES('Centro de Ciências da Terra','253604300');

INSERT INTO Telefone(Nome,Numero) VALUES('Centro de Investigação e de Tecnologias Agro Ambientais e Biológicas - CITAB','259350446');

INSERT INTO Telefone(Nome,Numero) VALUES('Centro de Investigação e de Tecnologias Agro Ambientais e Biológicas - CITAB','259350439');

INSERT INTO Telefone(Nome,Numero) VALUES('Escola Superior de Saúde','234401558');

INSERT INTO Telefone(Nome,Numero) VALUES('Lab:USE','291705150');

INSERT INTO Telefone(Nome,Numero) VALUES('Serviço Social','239796400');

INSERT INTO Telefone(Nome,Numero) VALUES('Reitoria','213715600');

INSERT INTO Telefone(Nome,Numero) VALUES('Requimte','212948381');

INSERT INTO Telefone(Nome,Numero) VALUES('Museu de Évora','266702604');

INSERT INTO Telefone(Nome,Numero) VALUES('Serviço de Cardiologia','217548000');

INSERT INTO Telefone(Nome,Numero) VALUES('Serviço de Oncologia Médica','239400200');

INSERT INTO Telefone(Nome,Numero) VALUES('Escola de Artes','226196200');
INSERT INTO Telefone(Nome,Numero) VALUES('Academia Militar',NULL);

INSERT INTO Telefone(Nome,Numero) VALUES('Escola Superior de Design',NULL);

INSERT INTO Telefone(Nome,Numero) VALUES('Escola Superior de Desenvolvimento Social e Comunitário',NULL);

INSERT INTO Telefone(Nome,Numero) VALUES('Escola Superior de Enfermagem de Coimbra',NULL);

INSERT INTO Telefone(Nome,Numero) VALUES('Escola de Serviço de Saúde Militar',NULL);
INSERT INTO Fax(Nome,Numero) VALUES('Academia da Força Aérea','219678945');
INSERT INTO Fax(Nome,Numero) VALUES('Academia Militar',NULL);

INSERT INTO Fax(Nome,Numero) VALUES('Escola Superior de Design',NULL);

INSERT INTO Fax(Nome,Numero) VALUES('Escola Superior de Desenvolvimento Social e Comunitário',NULL);

INSERT INTO Fax(Nome,Numero) VALUES('Escola Superior de Enfermagem de Coimbra',NULL);

INSERT INTO Fax(Nome,Numero) VALUES('Escola de Serviço de Saúde Militar',NULL);

INSERT INTO Fax(Nome,Numero) VALUES('Area de Pediatria Cirúrgica','213126898');

INSERT INTO Fax(Nome,Numero) VALUES('Area de Pediatria Médica','213126667');

INSERT INTO Fax(Nome,Numero) VALUES('Centro de Álgebra','217954288');

INSERT INTO Fax(Nome,Numero) VALUES('Centro Algoritmi','253510188');

INSERT INTO Fax(Nome,Numero) VALUES('Centro de Ciência Animal e Veterinária - CECAV','259350482');

INSERT INTO Fax(Nome,Numero) VALUES('Centro de Ciências da Terra','253678206');

INSERT INTO Fax(Nome,Numero) VALUES('Centro de Investigação e de Tecnologias Agro Ambientais e Biológicas - CITAB','259350327');

INSERT INTO Fax(Nome,Numero) VALUES('Centro de Investigação e de Tecnologias Agro Ambientais e Biológicas - CITAB','259350629');

INSERT INTO Fax(Nome,Numero) VALUES('Escola Superior de Saúde','234401597');

INSERT INTO Fax(Nome,Numero) VALUES('Lab:USE','291705199');

INSERT INTO Fax(Nome,Numero) VALUES('Serviço Social','239796499');

INSERT INTO Fax(Nome,Numero) VALUES('Reitoria','213715614');

INSERT INTO Fax(Nome,Numero) VALUES('Requimte','212948550');

INSERT INTO Fax(Nome,Numero) VALUES('Museu de Évora','266708094');

INSERT INTO Fax(Nome,Numero) VALUES('Serviço de Cardiologia','217548215');

INSERT INTO Fax(Nome,Numero) VALUES('Serviço de Oncologia Médica','239484317');

INSERT INTO Fax(Nome,Numero) VALUES('Escola de Artes','226196291');
INSERT INTO Dominio(Nome) VALUES ('Medicina Clínica');

INSERT INTO Dominio(Nome) VALUES ('Matemática');

INSERT INTO Dominio(Nome) VALUES ('Ciências da Computação e Ciências da Informação');

INSERT INTO Dominio(Nome) VALUES ('Engenharia Eletrotécnica');

INSERT INTO Dominio(Nome) VALUES ('Electrónica e Informática');

INSERT INTO Dominio(Nome) VALUES ('Ciência Animal e dos Lacticínios');

INSERT INTO Dominio(Nome) VALUES ('Ciências Veterinárias');

INSERT INTO Dominio(Nome) VALUES ('Ciências');

INSERT INTO Dominio(Nome) VALUES ('Ciências da Terra e do Ambiente');

INSERT INTO Dominio(Nome) VALUES ('Ciências Biológicas');

INSERT INTO Dominio(Nome) VALUES ('Engenharia Civil');

INSERT INTO Dominio(Nome) VALUES ('Engenharia Mecânica');

INSERT INTO Dominio(Nome) VALUES ('Engenharia do Ambiente');

INSERT INTO Dominio(Nome) VALUES ('Biotecnologia Ambiental');

INSERT INTO Dominio(Nome) VALUES ('Agricultura');

INSERT INTO Dominio(Nome) VALUES ('Silvicultura e Pescas');

INSERT INTO Dominio(Nome) VALUES ('Física');

INSERT INTO Dominio(Nome) VALUES ('Psicologia');

INSERT INTO Dominio(Nome) VALUES ('Economia e Gestão');

INSERT INTO Dominio(Nome) VALUES ('Sociologia');

INSERT INTO Dominio(Nome) VALUES ('Direito');

INSERT INTO Dominio(Nome) VALUES ('Artes');

INSERT INTO Dominio(Nome) VALUES ('Ciências da Saúde');

INSERT INTO Dominio(Nome) VALUES ('Medicina Basica');

INSERT INTO Dominio(Nome) VALUES ('Outras Ciências Sociais');

INSERT INTO Dominio(Nome) VALUES ('Química');

INSERT INTO Dominio(Nome) VALUES ('Biotecnologia Agrária e Alimentar');

INSERT INTO Dominio(Nome) VALUES ('História e Arqueologia');

INSERT INTO Dominio(Nome) VALUES ('Ética e Religião');
INSERT INTO Trabalha_Segundo(Instituicao,Dominio) VALUES ('Academia da Força Aérea','Matemática');
INSERT INTO Trabalha_Segundo(Instituicao,Dominio) VALUES ('Academia da Força Aérea','Ciências da Computação e Ciências da Informação');
INSERT INTO Trabalha_Segundo(Instituicao,Dominio) VALUES ('Academia da Força Aérea','Engenharia Civil');
INSERT INTO Trabalha_Segundo(Instituicao,Dominio) VALUES ('Academia da Força Aérea','Engenharia Eletrotécnica');
INSERT INTO Trabalha_Segundo(Instituicao,Dominio) VALUES ('Academia da Força Aérea','Electrónica e Informática');
INSERT INTO Trabalha_Segundo(Instituicao,Dominio) VALUES ('Academia da Força Aérea','Engenharia Mecânica');
INSERT INTO Trabalha_Segundo(Instituicao,Dominio) VALUES ('Academia da Força Aérea','Ciências da Saúde');
INSERT INTO Trabalha_Segundo(Instituicao,Dominio) VALUES ('Academia da Força Aérea','Economia e Gestão');
INSERT INTO Trabalha_Segundo(Instituicao,Dominio) VALUES ('Academia da Força Aérea','Sociologia');
INSERT INTO Trabalha_Segundo(Instituicao,Dominio) VALUES ('Academia da Força Aérea','Direito');
INSERT INTO Trabalha_Segundo(Instituicao,Dominio) VALUES ('Academia da Força Aérea','História e Arqueologia');
INSERT INTO Trabalha_Segundo(Instituicao,Dominio) VALUES ('Academia da Força Aérea','Ética e Religião');


INSERT INTO Trabalha_Segundo(Instituicao,Dominio) VALUES ('Academia Militar','Matemática');
INSERT INTO Trabalha_Segundo(Instituicao,Dominio) VALUES ('Academia Militar','Ciências da Computação e Ciências da Informação');
INSERT INTO Trabalha_Segundo(Instituicao,Dominio) VALUES ('Academia Militar','Engenharia Civil');
INSERT INTO Trabalha_Segundo(Instituicao,Dominio) VALUES ('Academia Militar','Engenharia Eletrotécnica');
INSERT INTO Trabalha_Segundo(Instituicao,Dominio) VALUES ('Academia Militar','Electrónica e Informática');
INSERT INTO Trabalha_Segundo(Instituicao,Dominio) VALUES ('Academia Militar','Engenharia Mecânica');
INSERT INTO Trabalha_Segundo(Instituicao,Dominio) VALUES ('Academia Militar','Ciências da Saúde');
INSERT INTO Trabalha_Segundo(Instituicao,Dominio) VALUES ('Academia Militar','Economia e Gestão');
INSERT INTO Trabalha_Segundo(Instituicao,Dominio) VALUES ('Academia Militar','Psicologia');
INSERT INTO Trabalha_Segundo(Instituicao,Dominio) VALUES ('Academia Militar','Sociologia');
INSERT INTO Trabalha_Segundo(Instituicao,Dominio) VALUES ('Academia Militar','Direito');
INSERT INTO Trabalha_Segundo(Instituicao,Dominio) VALUES ('Academia Militar','Outras Ciências Sociais');
INSERT INTO Trabalha_Segundo(Instituicao,Dominio) VALUES ('Academia Militar','Artes');
INSERT INTO Trabalha_Segundo(Instituicao,Dominio) VALUES ('Academia Militar','Ética e Religião');

INSERT INTO Trabalha_Segundo(Instituicao,Dominio) VALUES ('Area de Pediatria Cirúrgica','Medicina Clínica');

INSERT INTO Trabalha_Segundo(Instituicao,Dominio) VALUES ('Area de Pediatria Médica','Medicina Clínica');

INSERT INTO Trabalha_Segundo(Instituicao,Dominio) VALUES ('Centro de Álgebra','Matemática');

INSERT INTO Trabalha_Segundo(Instituicao,Dominio) VALUES ('Centro Algoritmi','Ciências da Computação e Ciências da Informação');
INSERT INTO Trabalha_Segundo(Instituicao,Dominio) VALUES ('Centro Algoritmi','Engenharia Eletrotécnica');
INSERT INTO Trabalha_Segundo(Instituicao,Dominio) VALUES ('Centro Algoritmi','Electrónica e Informática');

INSERT INTO Trabalha_Segundo(Instituicao,Dominio) VALUES ('Centro de Ciência Animal e Veterinária - CECAV','Ciência Animal e dos Lacticínios');
INSERT INTO Trabalha_Segundo(Instituicao,Dominio) VALUES ('Centro de Ciência Animal e Veterinária - CECAV','Ciências Veterinárias');

INSERT INTO Trabalha_Segundo(Instituicao,Dominio) VALUES ('Centro de Ciências da Terra','Ciências');

INSERT INTO Trabalha_Segundo(Instituicao,Dominio) VALUES ('Centro de Investigação e de Tecnologias Agro Ambientais e Biológicas - CITAB','Ciências da Computação e Ciências da Informação');
INSERT INTO Trabalha_Segundo(Instituicao,Dominio) VALUES ('Centro de Investigação e de Tecnologias Agro Ambientais e Biológicas - CITAB','Ciências da Terra e do Ambiente');
INSERT INTO Trabalha_Segundo(Instituicao,Dominio) VALUES ('Centro de Investigação e de Tecnologias Agro Ambientais e Biológicas - CITAB','Engenharia Civil');
INSERT INTO Trabalha_Segundo(Instituicao,Dominio) VALUES ('Centro de Investigação e de Tecnologias Agro Ambientais e Biológicas - CITAB','Engenharia Eletrotécnica');
INSERT INTO Trabalha_Segundo(Instituicao,Dominio) VALUES ('Centro de Investigação e de Tecnologias Agro Ambientais e Biológicas - CITAB','Electrónica e Informática');
INSERT INTO Trabalha_Segundo(Instituicao,Dominio) VALUES ('Centro de Investigação e de Tecnologias Agro Ambientais e Biológicas - CITAB','Engenharia Mecânica');
INSERT INTO Trabalha_Segundo(Instituicao,Dominio) VALUES ('Centro de Investigação e de Tecnologias Agro Ambientais e Biológicas - CITAB','Engenharia do Ambiente');
INSERT INTO Trabalha_Segundo(Instituicao,Dominio) VALUES ('Centro de Investigação e de Tecnologias Agro Ambientais e Biológicas - CITAB','Agricultura');
INSERT INTO Trabalha_Segundo(Instituicao,Dominio) VALUES ('Centro de Investigação e de Tecnologias Agro Ambientais e Biológicas - CITAB','Silvicultura e Pescas');

INSERT INTO Trabalha_Segundo(Instituicao,Dominio) VALUES ('Escola Superior de Design','Matemática');
INSERT INTO Trabalha_Segundo(Instituicao,Dominio) VALUES ('Escola Superior de Design','Engenharia Civil');
INSERT INTO Trabalha_Segundo(Instituicao,Dominio) VALUES ('Escola Superior de Design','Engenharia Eletrotécnica');
INSERT INTO Trabalha_Segundo(Instituicao,Dominio) VALUES ('Escola Superior de Design','Electrónica e Informática');
INSERT INTO Trabalha_Segundo(Instituicao,Dominio) VALUES ('Escola Superior de Design','Engenharia Mecânica');
INSERT INTO Trabalha_Segundo(Instituicao,Dominio) VALUES ('Escola Superior de Design','Economia e Gestão');
INSERT INTO Trabalha_Segundo(Instituicao,Dominio) VALUES ('Escola Superior de Design','Sociologia');
INSERT INTO Trabalha_Segundo(Instituicao,Dominio) VALUES ('Escola Superior de Design','Direito');
INSERT INTO Trabalha_Segundo(Instituicao,Dominio) VALUES ('Escola Superior de Design','Outras Ciências Sociais');
INSERT INTO Trabalha_Segundo(Instituicao,Dominio) VALUES ('Escola Superior de Design','História e Arqueologia');
INSERT INTO Trabalha_Segundo(Instituicao,Dominio) VALUES ('Escola Superior de Design','Ética e Religião');
INSERT INTO Trabalha_Segundo(Instituicao,Dominio) VALUES ('Escola Superior de Design','Artes');

INSERT INTO Trabalha_Segundo(Instituicao,Dominio) VALUES ('Escola Superior de Desenvolvimento Social e Comunitário','Ciências da Computação e Ciências da Informação');
INSERT INTO Trabalha_Segundo(Instituicao,Dominio) VALUES ('Escola Superior de Desenvolvimento Social e Comunitário','Psicologia');
INSERT INTO Trabalha_Segundo(Instituicao,Dominio) VALUES ('Escola Superior de Desenvolvimento Social e Comunitário','Economia e Gestão');
INSERT INTO Trabalha_Segundo(Instituicao,Dominio) VALUES ('Escola Superior de Desenvolvimento Social e Comunitário','Sociologia');
INSERT INTO Trabalha_Segundo(Instituicao,Dominio) VALUES ('Escola Superior de Desenvolvimento Social e Comunitário','Direito');
INSERT INTO Trabalha_Segundo(Instituicao,Dominio) VALUES ('Escola Superior de Desenvolvimento Social e Comunitário','Outras Ciências Sociais');
INSERT INTO Trabalha_Segundo(Instituicao,Dominio) VALUES ('Escola Superior de Desenvolvimento Social e Comunitário','Artes');

INSERT INTO Trabalha_Segundo(Instituicao,Dominio) VALUES ('Escola Superior de Enfermagem de Coimbra','Ciências da Saúde');
INSERT INTO Trabalha_Segundo(Instituicao,Dominio) VALUES ('Escola Superior de Enfermagem de Coimbra','Psicologia');
INSERT INTO Trabalha_Segundo(Instituicao,Dominio) VALUES ('Escola Superior de Enfermagem de Coimbra','Sociologia');

INSERT INTO Trabalha_Segundo(Instituicao,Dominio) VALUES ('Escola Superior de Saúde','Ciências da Computação e Ciências da Informação');
INSERT INTO Trabalha_Segundo(Instituicao,Dominio) VALUES ('Escola Superior de Saúde','Engenharia Eletrotécnica');
INSERT INTO Trabalha_Segundo(Instituicao,Dominio) VALUES ('Escola Superior de Saúde','Electrónica e Informática');
INSERT INTO Trabalha_Segundo(Instituicao,Dominio) VALUES ('Escola Superior de Saúde','Ciências da Saúde');
INSERT INTO Trabalha_Segundo(Instituicao,Dominio) VALUES ('Escola Superior de Saúde','Economia e Gestão');
INSERT INTO Trabalha_Segundo(Instituicao,Dominio) VALUES ('Escola Superior de Saúde','Sociologia');
INSERT INTO Trabalha_Segundo(Instituicao,Dominio) VALUES ('Escola Superior de Saúde','Direito');
INSERT INTO Trabalha_Segundo(Instituicao,Dominio) VALUES ('Escola Superior de Saúde','Ética e Religião');

INSERT INTO Trabalha_Segundo(Instituicao,Dominio) VALUES ('Lab:USE','Engenharia Eletrotécnica');
INSERT INTO Trabalha_Segundo(Instituicao,Dominio) VALUES ('Lab:USE','Electrónica e Informática');

INSERT INTO Trabalha_Segundo(Instituicao,Dominio) VALUES ('Serviço Social','Outras Ciências Sociais');

INSERT INTO Trabalha_Segundo(Instituicao,Dominio) VALUES ('Reitoria','Outras Ciências Sociais');
INSERT INTO Trabalha_Segundo(Instituicao,Dominio) VALUES ('Reitoria','Ciências da Computação e Ciências da Informação');

INSERT INTO Trabalha_Segundo(Instituicao,Dominio) VALUES ('Requimte','Ciências Biológicas');
INSERT INTO Trabalha_Segundo(Instituicao,Dominio) VALUES ('Requimte','Outras Ciências Sociais');
INSERT INTO Trabalha_Segundo(Instituicao,Dominio) VALUES ('Requimte','Ciências da Saúde');
INSERT INTO Trabalha_Segundo(Instituicao,Dominio) VALUES ('Requimte','Química');

INSERT INTO Trabalha_Segundo(Instituicao,Dominio) VALUES ('Museu de Évora','História e Arqueologia');
INSERT INTO Trabalha_Segundo(Instituicao,Dominio) VALUES ('Museu de Évora','Artes');

INSERT INTO Trabalha_Segundo(Instituicao,Dominio) VALUES ('Serviço de Cardiologia','Medicina Clínica');

INSERT INTO Trabalha_Segundo(Instituicao,Dominio) VALUES ('Serviço de Oncologia Médica','Medicina Clínica');

INSERT INTO Trabalha_Segundo(Instituicao,Dominio) VALUES ('Escola de Serviço de Saúde Militar','Ciências da Saúde');
INSERT INTO Trabalha_Segundo(Instituicao,Dominio) VALUES ('Escola de Serviço de Saúde Militar','Sociologia');
INSERT INTO Trabalha_Segundo(Instituicao,Dominio) VALUES ('Escola de Serviço de Saúde Militar','Outras Ciências Sociais');

INSERT INTO Trabalha_Segundo(Instituicao,Dominio) VALUES ('Escola de Artes','Engenharia Eletrotécnica');
INSERT INTO Trabalha_Segundo(Instituicao,Dominio) VALUES ('Escola de Artes','Electrónica e Informática');
INSERT INTO Trabalha_Segundo(Instituicao,Dominio) VALUES ('Escola de Artes','Sociologia');
INSERT INTO Trabalha_Segundo(Instituicao,Dominio) VALUES ('Escola de Artes','Direito');
INSERT INTO Trabalha_Segundo(Instituicao,Dominio) VALUES ('Escola de Artes','Outras Ciências Sociais');
INSERT INTO Trabalha_Segundo(Instituicao,Dominio) VALUES ('Escola de Artes','História e Arqueologia');
INSERT INTO Trabalha_Segundo(Instituicao,Dominio) VALUES ('Escola de Artes','Ética e Religião');
INSERT INTO Trabalha_Segundo(Instituicao,Dominio) VALUES ('Escola de Artes','Artes');
INSERT INTO Setor(Nome,id) VALUES ('Ensino Superior','1');
INSERT INTO Setor(Nome,id) VALUES ('Ensino Superior','2');
INSERT INTO Setor(Nome,id) VALUES ('Estado','3');
INSERT INTO Setor(Nome,id) VALUES ('Estado','4');
INSERT INTO Setor(Nome,id) VALUES ('IPFSL','5');
INSERT INTO Setor(Nome,id) VALUES ('Ensino Superior','6');
INSERT INTO Setor(Nome,id) VALUES ('Ensino Superior','7');
INSERT INTO Setor(Nome,id) VALUES ('Ensino Superior','8');
INSERT INTO Setor(Nome,id) VALUES ('Ensino Superior','9');
INSERT INTO Setor(Nome,id) VALUES ('Ensino Superior','10');
INSERT INTO Setor(Nome,id) VALUES ('Ensino Superior','11');
INSERT INTO Setor(Nome,id) VALUES ('Ensino Superior','12');
INSERT INTO Setor(Nome,id) VALUES ('Ensino Superior','13');
INSERT INTO Setor(Nome,id) VALUES ('Ensino Superior','14');
INSERT INTO Setor(Nome,id) VALUES ('Estado','15');
INSERT INTO Setor(Nome,id) VALUES ('Ensino Superior','16');
INSERT INTO Setor(Nome,id) VALUES ('Ensino Superior','17');
INSERT INTO Setor(Nome,id) VALUES ('Estado','18');
INSERT INTO Setor(Nome,id) VALUES ('Estado','19');
INSERT INTO Setor(Nome,id) VALUES ('Estado','20');
INSERT INTO Setor(Nome,id) VALUES ('Ensino Superior','21');
INSERT INTO Setor(Nome,id) VALUES ('Ensino Superior','22');
INSERT INTO Dirigente(Nome,id) VALUES ('José Manuel Pinheiro Serôdio Fernandes','1');
INSERT INTO Dirigente(Nome,id) VALUES (NULL,'2');
INSERT INTO Dirigente(Nome,id) VALUES (NULL,'3');
INSERT INTO Dirigente(Nome,id) VALUES (NULL,'4');
INSERT INTO Dirigente(Nome,id) VALUES ('Gracinda Maria dos Santos Gomes Moreira da Cunha','5');
INSERT INTO Dirigente(Nome,id) VALUES ('Henrique Manuel Dinis dos Santos','6');
INSERT INTO Dirigente(Nome,id) VALUES ('Arnaldo Alves Dias da Silva','7');
INSERT INTO Dirigente(Nome,id) VALUES ('José Bernardo Rodrigues Brilha','8');
INSERT INTO Dirigente(Nome,id) VALUES ('Eduardo Augusto dos Santos Rosa','9');
INSERT INTO Dirigente(Nome,id) VALUES (NULL,'10');
INSERT INTO Dirigente(Nome,id) VALUES (NULL,'11');
INSERT INTO Dirigente(Nome,id) VALUES (NULL,'12');
INSERT INTO Dirigente(Nome,id) VALUES ('Nelson Pacheco da Rocha','13');
INSERT INTO Dirigente(Nome,id) VALUES ('Larry LeRoy Constantine','14');
INSERT INTO Dirigente(Nome,id) VALUES (NULL,'15');
INSERT INTO Dirigente(Nome,id) VALUES ('António Bensabat Rendas','16');
INSERT INTO Dirigente(Nome,id) VALUES ('Isabel Maria Andrade Martins Galhardas de Moura','17');
INSERT INTO Dirigente(Nome,id) VALUES ('Joaquim Oliveira Caetano','18');
INSERT INTO Dirigente(Nome,id) VALUES (NULL,'19');
INSERT INTO Dirigente(Nome,id) VALUES (NULL,'20');
INSERT INTO Dirigente(Nome,id) VALUES (NULL,'21');
INSERT INTO Dirigente(Nome,id) VALUES (NULL,'22');
INSERT INTO Instituicao_Acolhimento(Nome,id) VALUES ('Ministério da Defesa Nacional/Estado Maior da Força Aérea','1');
INSERT INTO Instituicao_Acolhimento(Nome,id) VALUES ('Ministério da Defesa Nacional','2');
INSERT INTO Instituicao_Acolhimento(Nome,id) VALUES ('Ministério da Saúde/Centro Hospitalar de Lisboa Central E.P.E','3');
INSERT INTO Instituicao_Acolhimento(Nome,id) VALUES ('Ministério da Saúde/Centro Hospitalar de Lisboa Central E.P.E','4');
INSERT INTO Instituicao_Acolhimento(Nome,id) VALUES ('Universidade de Lisboa','5');
INSERT INTO Instituicao_Acolhimento(Nome,id) VALUES ('Universidade do Minho/Escola de Engenharia','6');
INSERT INTO Instituicao_Acolhimento(Nome,id) VALUES ('Universidade de Trás-os-Montes e Alto Douro','7');
INSERT INTO Instituicao_Acolhimento(Nome,id) VALUES ('Universidade do Minho/Escola de Ciências','8');
INSERT INTO Instituicao_Acolhimento(Nome,id) VALUES ('Universidade de Trás-os-Montes e Alto Douro/Área Departamental de Ciências Agrárias','9');
INSERT INTO Instituicao_Acolhimento(Nome,id) VALUES ('Instituto de Artes Visuais Design e Marketing - IADE','10');
INSERT INTO Instituicao_Acolhimento(Nome,id) VALUES ('Instituto Superior Politécnico de Gaya','11');
INSERT INTO Instituicao_Acolhimento(Nome,id) VALUES (NULL,'12');
INSERT INTO Instituicao_Acolhimento(Nome,id) VALUES ('Universidade de Aveiro','13');
INSERT INTO Instituicao_Acolhimento(Nome,id) VALUES ('Universidade da Madeira/Departamento de Matemática e Engenharias','14');
INSERT INTO Instituicao_Acolhimento(Nome,id) VALUES ('Ministério da Saúde/Centro Hospitalar Psiquiátrico de Coimbra','15');
INSERT INTO Instituicao_Acolhimento(Nome,id) VALUES ('Universidade Nova de Lisboa','16');
INSERT INTO Instituicao_Acolhimento(Nome,id) VALUES ('Universidade Nova de Lisboa/Faculdade de Ciências e Tecnologia','17');
INSERT INTO Instituicao_Acolhimento(Nome,id) VALUES ('Ministério da Cultura/Instituto dos Museus e da Conservação I.P.','18');
INSERT INTO Instituicao_Acolhimento(Nome,id) VALUES ('Ministério da Saúde/Centro Hospitalar de Lisboa Norte E.P.E','19');
INSERT INTO Instituicao_Acolhimento(Nome,id) VALUES ('Ministério da Saúde/Instituto Português de Oncologia de Coimbra Francisco Gentil E.P.E','20');
INSERT INTO Instituicao_Acolhimento(Nome,id) VALUES ('Ministério da Defesa Nacional','21');
INSERT INTO Instituicao_Acolhimento(Nome,id) VALUES ('Universidade Católica Portuguesa/Universidade Católica Portuguesa - Lisboa','22');